pt7,749,276,court (1).jpg,1280,720
pt8,863,349,court (1).jpg,1280,720
pt9,1003,440,court (1).jpg,1280,720
pt10,1167,546,court (1).jpg,1280,720
pt11,524,389,court (1).jpg,1280,720
pt12,615,488,court (1).jpg,1280,720
pt7,823,322,court (10).jpg,1280,720
pt8,968,397,court (10).jpg,1280,720
pt9,1150,489,court (10).jpg,1280,720
pt1,695,410,court (11).jpg,1280,720
pt2,530,496,court (11).jpg,1280,720
pt3,310,603,court (11).jpg,1280,720
pt5,1077,550,court (11).jpg,1280,720
pt1,645,309,court (12).jpg,1280,720
pt3,195,461,court (12).jpg,1280,720
pt6,580,558,court (12).jpg,1280,720
pt9,942,461,court (13).jpg,1280,720
pt10,1232,591,court (13).jpg,1280,720
pt11,399,423,court (13).jpg,1280,720
pt12,530,520,court (13).jpg,1280,720
pt8,827,282,court (14).jpg,1280,720
pt9,1051,358,court (14).jpg,1280,720
pt11,536,333,court (14).jpg,1280,720
pt12,719,437,court (14).jpg,1280,720
pt1,455,277,court (15).jpg,1280,720
pt2,360,342,court (15).jpg,1280,720
pt3,239,423,court (15).jpg,1280,720
pt4,59,541,court (15).jpg,1280,720
pt5,666,371,court (15).jpg,1280,720
pt6,592,458,court (15).jpg,1280,720
pt7,921,298,court (16).jpg,1280,720
pt8,1070,377,court (16).jpg,1280,720
pt9,1261,476,court (16).jpg,1280,720
pt12,711,506,court (16).jpg,1280,720
pt7,787,325,court (17).jpg,1280,720
pt8,936,420,court (17).jpg,1280,720
pt9,1131,541,court (17).jpg,1280,720
pt11,503,448,court (17).jpg,1280,720
pt1,556,313,court (18).jpg,1280,720
pt4,34,556,court (18).jpg,1280,720
pt5,749,410,court (18).jpg,1280,720
pt7,909,242,court (19).jpg,1280,720
pt8,1045,351,court (19).jpg,1280,720
pt9,1214,484,court (19).jpg,1280,720
pt12,725,515,court (19).jpg,1280,720
pt1,459,297,court (2).jpg,1280,720
pt5,714,411,court (2).jpg,1280,720
pt7,947,331,court (20).jpg,1280,720
pt8,1075,413,court (20).jpg,1280,720
pt9,1246,520,court (20).jpg,1280,720
pt11,708,431,court (20).jpg,1280,720
pt12,806,538,court (20).jpg,1280,720
pt7,880,285,court (21).jpg,1280,720
pt8,984,369,court (21).jpg,1280,720
pt2,366,401,court (22).jpg,1280,720
pt3,157,500,court (22).jpg,1280,720
pt6,634,550,court (22).jpg,1280,720
pt7,767,269,court (23).jpg,1280,720
pt8,879,345,court (23).jpg,1280,720
pt10,1243,585,court (23).jpg,1280,720
pt11,530,383,court (23).jpg,1280,720
pt12,627,485,court (23).jpg,1280,720
pt3,159,469,court (24).jpg,1280,720
pt5,725,399,court (24).jpg,1280,720
pt6,618,520,court (24).jpg,1280,720
pt1,535,212,court (25).jpg,1280,720
pt2,412,300,court (25).jpg,1280,720
pt3,261,411,court (25).jpg,1280,720
pt4,27,580,court (25).jpg,1280,720
pt5,770,345,court (25).jpg,1280,720
pt6,669,466,court (25).jpg,1280,720
pt8,794,351,court (26).jpg,1280,720
pt9,972,467,court (26).jpg,1280,720
pt11,361,401,court (26).jpg,1280,720
pt12,479,529,court (26).jpg,1280,720
pt1,554,288,court (27).jpg,1280,720
pt2,391,345,court (27).jpg,1280,720
pt3,163,423,court (27).jpg,1280,720
pt5,734,384,court (27).jpg,1280,720
pt6,574,481,court (27).jpg,1280,720
pt1,524,301,court (28).jpg,1280,720
pt2,391,381,court (28).jpg,1280,720
pt3,224,479,court (28).jpg,1280,720
pt5,772,414,court (28).jpg,1280,720
pt6,663,526,court (28).jpg,1280,720
pt7,750,292,court (29).jpg,1280,720
pt9,1093,446,court (29).jpg,1280,720
pt10,532,395,court (29).jpg,1280,720
pt3,224,405,court (3).jpg,1280,720
pt5,803,390,court (3).jpg,1280,720
pt6,598,499,court (3).jpg,1280,720
pt1,631,263,court (30).jpg,1280,720
pt2,498,352,court (30).jpg,1280,720
pt3,332,463,court (30).jpg,1280,720
pt4,85,623,court (30).jpg,1280,720
pt6,794,522,court (30).jpg,1280,720
pt8,808,375,court (31).jpg,1280,720
pt9,984,454,court (31).jpg,1280,720
pt10,1265,579,court (31).jpg,1280,720
pt11,470,414,court (31).jpg,1280,720
pt12,595,503,court (31).jpg,1280,720
pt1,495,294,court (32).jpg,1280,720
pt3,157,457,court (32).jpg,1280,720
pt1,667,343,court (33).jpg,1280,720
pt2,477,479,court (33).jpg,1280,720
pt5,1134,541,court (33).jpg,1280,720
pt7,923,285,court (34).jpg,1280,720
pt8,1087,349,court (34).jpg,1280,720
pt11,782,384,court (34).jpg,1280,720
pt12,963,499,court (34).jpg,1280,720
pt1,799,333,court (35).jpg,1280,720
pt3,1116,496,court (35).jpg,1280,720
pt6,597,531,court (35).jpg,1280,720
pt8,885,369,court (36).jpg,1280,720
pt9,1138,457,court (36).jpg,1280,720
pt11,567,422,court (36).jpg,1280,720
pt12,766,538,court (36).jpg,1280,720
pt8,808,365,court (37).jpg,1280,720
pt9,969,472,court (37).jpg,1280,720
pt10,1202,626,court (37).jpg,1280,720
pt11,387,405,court (37).jpg,1280,720
pt12,491,522,court (37).jpg,1280,720
pt2,441,297,court (38).jpg,1280,720
pt3,218,374,court (38).jpg,1280,720
pt5,726,352,court (38).jpg,1280,720
pt6,553,452,court (38).jpg,1280,720
pt8,793,358,court (39).jpg,1280,720
pt9,930,445,court (39).jpg,1280,720
pt10,1122,567,court (39).jpg,1280,720
pt11,396,384,court (39).jpg,1280,720
pt12,483,481,court (39).jpg,1280,720
pt7,695,280,court (4).jpg,1280,720
pt8,815,378,court (4).jpg,1280,720
pt9,956,494,court (4).jpg,1280,720
pt11,421,417,court (4).jpg,1280,720
pt12,517,547,court (4).jpg,1280,720
pt2,381,375,court (40).jpg,1280,720
pt3,219,490,court (40).jpg,1280,720
pt5,826,410,court (40).jpg,1280,720
pt6,720,532,court (40).jpg,1280,720
pt1,408,285,court (41).jpg,1280,720
pt2,275,384,court (41).jpg,1280,720
pt3,106,508,court (41).jpg,1280,720
pt6,634,544,court (41).jpg,1280,720
pt9,960,508,court (42).jpg,1280,720
pt10,1184,648,court (42).jpg,1280,720
pt11,350,443,court (42).jpg,1280,720
pt12,455,549,court (42).jpg,1280,720
pt8,929,324,court (43).jpg,1280,720
pt9,1093,432,court (43).jpg,1280,720
pt10,1279,555,court (43).jpg,1280,720
pt11,532,360,court (43).jpg,1280,720
pt12,640,481,court (43).jpg,1280,720
pt4,23,491,court (45).jpg,1280,720
pt1,538,236,court (46).jpg,1280,720
pt2,408,328,court (46).jpg,1280,720
pt3,248,442,court (46).jpg,1280,720
pt4,6,618,court (46).jpg,1280,720
pt6,669,497,court (46).jpg,1280,720
pt2,338,442,court (47).jpg,1280,720
pt3,175,561,court (47).jpg,1280,720
pt5,785,478,court (47).jpg,1280,720
pt6,683,600,court (47).jpg,1280,720
pt8,939,460,court (48).jpg,1280,720
pt9,1137,556,court (48).jpg,1280,720
pt11,430,491,court (48).jpg,1280,720
pt12,560,598,court (48).jpg,1280,720
pt8,901,333,court (49).jpg,1280,720
pt9,1036,417,court (49).jpg,1280,720
pt11,527,362,court (49).jpg,1280,720
pt12,610,451,court (49).jpg,1280,720
pt7,846,230,court (5).jpg,1280,720
pt8,980,328,court (5).jpg,1280,720
pt10,1154,454,court (5).jpg,1280,720
pt11,575,368,court (5).jpg,1280,720
pt12,683,502,court (5).jpg,1280,720
pt1,559,268,court (50).jpg,1280,720
pt2,409,357,court (50).jpg,1280,720
pt3,218,466,court (50).jpg,1280,720
pt5,841,399,court (50).jpg,1280,720
pt6,714,520,court (50).jpg,1280,720
pt1,603,346,court (6).jpg,1280,720
pt3,162,502,court (6).jpg,1280,720
pt5,815,466,court (6).jpg,1280,720
pt6,625,576,court (6).jpg,1280,720
pt7,643,274,court (7).jpg,1280,720
pt12,520,555,court (7).jpg,1280,720
pt9,1107,481,court (8).jpg,1280,720
pt11,542,411,court (8).jpg,1280,720
pt12,655,525,court (8).jpg,1280,720
pt7,589,297,court (9).jpg,1280,720
pt8,755,349,court (9).jpg,1280,720
pt9,981,423,court (9).jpg,1280,720
pt11,455,407,court (9).jpg,1280,720
pt12,648,508,court (9).jpg,1280,720